PRODUCTS,Category
Ethyl Alcohol Manufacturing,Chemicals Dryer
Float Glass,Glass Furnace
Acrylonitrile-Butadiene-Styrene (ABS) and Stryene-Acrylonitrile (SAN),Chemicals Dryer
Aluminum,Vehicle Manufacturing Oven
"Acrylonitrile, Acetonitrile, Hydrogen Cyanide ",Chemicals Dryer
aluminum extruded products,Vehicle Manufacturing Oven
Lubricant Additives,Chemicals Dryer
glass bottles,Glass Furnace
Aluminum Wheels,Vehicle Manufacturing Oven
felt for shingles,Uncategorized
Steel Processing ,Vehicle Manufacturing Oven
Laundry Equipment,Uncategorized
Plumbing Products,Chemicals Dryer
Hot dip galvannealed coiled steel sheet,Vehicle Manufacturing Oven
MOLDED INDUS. GLASS ITEM,Glass Furnace
Titanium Mill: Flat and Billet,Vehicle Manufacturing Oven
PAPERBOARD,Uncategorized
Coated Steel,Vehicle Manufacturing Oven
Aluminum Castings,Vehicle Manufacturing Oven
"Potato Chips, Corn Chips, and Similar Snacks",F&D Boiler
Quartz Tubing and Shapes,Glass Furnace
ORGANIC CHEMICALS,Chemicals Dryer
High Pressure Die-Cast Aluminum Automotive Parts,Vehicle Manufacturing Oven
Truck Assembly / Painting,Vehicle Manufacturing Oven
Metal Based Chemicals,Chemicals Dryer
Steel Castings,Vehicle Manufacturing Oven
toilet paper and paper towels,Uncategorized
Bacon,F&D Boiler
Pharmaceutical Manufacturing and Development,Uncategorized
"Bread, Cake, and Related Products & Cookies and Crackers",F&D Boiler
aluminum wheels,Vehicle Manufacturing Oven
Truck Cab / Painted Cabs / Trucks,Vehicle Manufacturing Oven
Power transmission parts and steel die forgings,Vehicle Manufacturing Oven
Lawn Equipment,Uncategorized
Die-Cast Aluminum Automotive Parts,Vehicle Manufacturing Oven
Meat Packing,F&D Boiler
Flavors,Uncategorized
Pet's food,F&D Boiler
FORGED PRODUCTS,Chemicals Dryer
SPECIALTY CHEMICALS,Chemicals Dryer
Automobile Parts and Accessories/Appliance Products,Chemicals Dryer
Silicon Powder,Chemicals Dryer
Aluminum Sand Castings,Vehicle Manufacturing Oven
Pork Rinds,F&D Boiler
Powertrain components,Vehicle Manufacturing Oven
"Aluminum cylinder heads, pistons and water passages",Vehicle Manufacturing Oven
organic chemicals,Chemicals Dryer
"Steel forging, rough machining, and heat treating",Vehicle Manufacturing Oven
"Hydrotope, sulfonic acids",Chemicals Dryer
ALUMINUM BILLETS,Vehicle Manufacturing Oven
Aluminum beverage cans,F&D Boiler
Defense Combat Vehicles,Vehicle Manufacturing Oven
Defense Combat Vehicles,Vehicle Manufacturing Oven
FIBERGLASS PANEL,Glass Furnace
Pretzels and Corn Extruded Products,F&D Boiler
BURIAL CASKETS,Uncategorized
PORCELAIN ENAMEL FEEDSTOCK,Glass Furnace
COATED PAPERS,Chemicals Dryer
"Rubber tiles, tread, and wall base",Chemicals Dryer
Thermal Processing / Heat Treating,Vehicle Manufacturing Oven
WELDING CONSUMABLES,Vehicle Manufacturing Oven
"Bacon, Meatballs",F&D Boiler
PIGMENTS FOR INK,Ceramics Kiln
Thermoset for Heavy Trucking,Vehicle Manufacturing Oven
"Fabricated rubber Products, Not Elsewhere Classified",Chemicals Dryer
Electroplated and coated steel,Vehicle Manufacturing Oven
Food Manufacturing,F&D Boiler
Aluminum and zinc die castings,Vehicle Manufacturing Oven
aluminum die castings,Vehicle Manufacturing Oven
Animal Feed,Uncategorized
Plastic Toys,Uncategorized
Activated Carbon,Chemicals Dryer
Aluminum castings,Vehicle Manufacturing Oven
residential roofing,Chemicals Dryer
Stainless steel / nickel base pump & valves castings,Vehicle Manufacturing Oven
Wastewater Treatment,Chemicals Dryer
"Plastic Products, toy balls",Chemicals Dryer
beer,F&D Boiler
Parchment and converting paper,Chemicals Dryer
"Hydraulic hose, fittings,couplings",Vehicle Manufacturing Oven
RECONDITIONED STEELDRUMS,Vehicle Manufacturing Oven
Quartz Tube,Glass Furnace
Packaged Food,F&D Boiler
"Acid proof ceramics, Steel liners and packing",Ceramics Kiln
Metal Forming and Coating,Vehicle Manufacturing Oven
Automotive Coil Springs,Vehicle Manufacturing Oven
potable water,Uncategorized
COATINGS FOR PACKAGING,Vehicle Manufacturing Oven
Appliance control panels and semi-truck bumpers,Vehicle Manufacturing Oven
Labels,Uncategorized
advertisments,Uncategorized
SOAP AND SYNTHETICS,Chemicals Dryer
Prepared Meat Products,F&D Boiler
ALUMINUM BUMPERS,Vehicle Manufacturing Oven
REFRACTORY PRODUCTS,Ceramics Kiln
Glass and candle products,Glass Furnace
STEEL ROLLERS,Vehicle Manufacturing Oven
Radiators for medium and heavy duty trucks,Vehicle Manufacturing Oven
"Turf Building, Commercial Fertilizer, EZSeed",Uncategorized
Fuel and oil filters,Uncategorized
flexible packaging for food industry,F&D Boiler
"Fabricated Rubber Products, Base boards, floor tile",Chemicals Dryer
Gray iron & ductile castings,Vehicle Manufacturing Oven
Metal Cans,Chemicals Dryer
INORGANIC PIGMENTS,Ceramics Kiln
"Corrugated shipping containers, paper coating, signs and displays",Vehicle Manufacturing Oven
Pharmaceuticals,Uncategorized
ELECTRIC WELDED TUBING,Vehicle Manufacturing Oven
ACRYLIC SHEETS,Uncategorized
Steel wire,Vehicle Manufacturing Oven
Brakes,Vehicle Manufacturing Oven
Machined automotive brake rotors and drums,Vehicle Manufacturing Oven
Electric Disconnect Equipment,Uncategorized
Adhesives and Sealants,Chemicals Dryer
ALUMINUM CASTINGS,Vehicle Manufacturing Oven
Metal Closures,Chemicals Dryer
TITANIUM ALLOY AIR FOILS,Vehicle Manufacturing Oven
aluminum beverage can,F&D Boiler
"Rubber, Plastic and Thermoplastic components",Chemicals Dryer
Bi-Metallic Bushings and Thrust Washers,Vehicle Manufacturing Oven
ALUMINUM DIE CASTINGS,Vehicle Manufacturing Oven
Cast Metal,Chemicals Dryer
reconditioned drums,Vehicle Manufacturing Oven
aluminum die castings,Vehicle Manufacturing Oven
Fabricated Rubber Products,Chemicals Dryer
"SOAP PADS,FABRIC SOFTENER",Chemicals Dryer
"Fluid Milk, Beverage, and Culture",F&D Boiler
aluminum castings,Vehicle Manufacturing Oven
Brake Components,Uncategorized
KNIT GOODS,Uncategorized
rubber vibration isolation,Chemicals Dryer
Foundry,Uncategorized
Zinc and Aluminum Die Casting,Vehicle Manufacturing Oven
ferrous alloy and aluminum castings,Vehicle Manufacturing Oven
PROGRESSIVE CAVITY PUMPS,Vehicle Manufacturing Oven
Food products,F&D Boiler
"Wire ,cold drawn and hot rolled steel, spring, coiling and f",Vehicle Manufacturing Oven
Rubber Flooring,Chemicals Dryer
flavors,Uncategorized
Wood Office Furniture,Uncategorized
Rubber Products,Chemicals Dryer
Laminated fiberglass Truck caps and lids,Glass Furnace
BREWERY,Uncategorized
Aluminum Castings,Vehicle Manufacturing Oven
"Diary (Milk, Cheese, Sour Cream)",F&D Boiler
Pharmaceuticals,Uncategorized
Glass Tubes,Glass Furnace
Corrugated boxes and shipping containers,Uncategorized
Caskets,Uncategorized
plating,Vehicle Manufacturing Oven
Printed beverage cartons,F&D Boiler
Asphalt Products,Chemicals Dryer
Automotive Alternators and Starter Motors,Vehicle Manufacturing Oven
Aircraft propellers,Vehicle Manufacturing Oven
PAPER CONVERTING PRODCTS,Uncategorized
Specialty Organic/Inorganic Chemicals,Chemicals Dryer
"Vivitrol, Aristada, Risperdal Consta, and Polymer",Chemicals Dryer
Paint,Uncategorized
"Milk, Cottage Cheese, Sour Cream, Yogurts, Beverages",F&D Boiler
Steel drums,Vehicle Manufacturing Oven
CORRUGATED CONTAINERS,Uncategorized
Metal burial vaults and steel coil processing,Vehicle Manufacturing Oven
flavoring extracts and syrups,F&D Boiler
Ice Cream and Beverages,F&D Boiler
Custom Molding of Plastic Tanks,Uncategorized
VEG PROTEIN FOODS,F&D Boiler
Dog cat and small animal feed,Uncategorized
CORRUGATED SHIPPING CART,Uncategorized
Buns,F&D Boiler
"storage drums, kegs",Vehicle Manufacturing Oven
Coated and Laminated Paper,Chemicals Dryer
Commercial offset printing,Uncategorized
Pumps,Vehicle Manufacturing Oven
corrugated boxes,Uncategorized
STEEL PROCESSING,Vehicle Manufacturing Oven
Automotive Steering Components and CVT Transmission Parts,Vehicle Manufacturing Oven
Custom bar soap products,Chemicals Dryer
PAPERBOARD CARTONS,Uncategorized
refrigeration and sensor parts,Uncategorized
Industrial and IT Enclosures,Vehicle Manufacturing Oven
Mechanical Metal Forming Presses,Vehicle Manufacturing Oven
"WELDERS,AIRCRFT GRD POWER",Uncategorized
High Speed Inkjet Printing Systems,Ceramics Kiln
Rigid Extrusion PVC Product,Uncategorized
"ADHESIVE,CAULKS",Chemicals Dryer
Steering Wheels and Injection Molds,Vehicle Manufacturing Oven
"MARGARINE, SHORTENING",F&D Boiler
Warm/cold forgings with machining,Vehicle Manufacturing Oven
Lawn Care Equipment,Uncategorized
corrugated shipping containers,Uncategorized
reconditioned steel drums,Vehicle Manufacturing Oven
"non-clay brick, special shaped refractories",Ceramics Kiln
"Batteries for automotive, industrial, farm use, etc.",Vehicle Manufacturing Oven
asphalt and roofing products,Chemicals Dryer
Corrugate Clamshells,Uncategorized
Ball Bearings,Vehicle Manufacturing Oven
ACOUSTICAL PANELS & DECK,Uncategorized
DIE CASTINGS,Vehicle Manufacturing Oven
Inkjet Printing Systems and Consumables,Ceramics Kiln
CORRUGATED CONTAINERS,Uncategorized
gray and ductile castings,Vehicle Manufacturing Oven
"SPICES, EXTRACTS, SAUCES",F&D Boiler
Sub assembly logistics,Uncategorized
Fuel and Brake Line for Auto Industry,Uncategorized
Ice Cream and Beverages,F&D Boiler
METAL PLATING,Vehicle Manufacturing Oven
STRIPS & SHEETS OF STEEL,Vehicle Manufacturing Oven
"Temperature Sensors, controls, and electrical switches",Vehicle Manufacturing Oven
Sinter-forged automotive transmission components,Vehicle Manufacturing Oven
Automotive Lifts,Vehicle Manufacturing Oven
Farm Machinery,Vehicle Manufacturing Oven
Engineered Chain,Uncategorized
Canned Tomatoes ,Uncategorized
Encapsulated and Spray Dried Flavors,Chemicals Dryer
Steel Waste receptacles,Vehicle Manufacturing Oven
Automatic Interior Trim/Steering Wheels/Airbags,Vehicle Manufacturing Oven
steel hydraulic fittings,Vehicle Manufacturing Oven
CHEM. REAGENTS& SOLVENTS,Chemicals Dryer
Caddy Fasteners,Vehicle Manufacturing Oven
Automotive Sealing Systems,Vehicle Manufacturing Oven
Infrared Cameras,Uncategorized
Power Transmission Components,Vehicle Manufacturing Oven
Flexible packaging,Chemicals Dryer
rubber footwear,Chemicals Dryer
Automotive Steering Components and CVT Transmission Parts,Vehicle Manufacturing Oven
Aluminum Castings,Vehicle Manufacturing Oven
"acids, chemicals, solvents",Chemicals Dryer
Surfactants for detergent industry,Chemicals Dryer
WIRE SHELVES FOR APPLIANCES,Uncategorized
FABRICATED METAL PRODUCT,Chemicals Dryer
"Plastic compounds, pellets",Chemicals Dryer
"Medical, Dental and Animal Health Equipment",Uncategorized
ALUMINUM CASTINGS,Vehicle Manufacturing Oven
automotive and industrial batteries,Vehicle Manufacturing Oven
"BREAD,DONUTS,COOKIES,ETC",F&D Boiler
Potato Chips,F&D Boiler
Automotive Shock Absorbers,Vehicle Manufacturing Oven
polymers and water-based adhesives,Chemicals Dryer
Bacon,F&D Boiler
"Catalytic Convertors, Torque Convertors, Silencers",Vehicle Manufacturing Oven
labels,Uncategorized
Distilled & rectified liquors and bottling of blended liquor,Uncategorized
COOKWARE-IRON & ALUMINUM,Vehicle Manufacturing Oven
"Crepe paper, Drum lining paper",Uncategorized
Ductile iron castings,Vehicle Manufacturing Oven
ALUMINUM DIE CASTINGS,Vehicle Manufacturing Oven
Insulated Copper Wire,Uncategorized
AUTOMOTIVE TRIM,Vehicle Manufacturing Oven
"Fans, blowers, humidifiers, air moving equipment & blower wh",Vehicle Manufacturing Oven
rag and cotton linter pulp,Uncategorized
"VALVES,BLOWERS,HEAT EXCHANGERS",Vehicle Manufacturing Oven
NEWSPAPER INSERTS,Uncategorized
corrugated boxes,Uncategorized
Exhaust Systems,Vehicle Manufacturing Oven
"gray and ductile iron castings, fabricated metal",Vehicle Manufacturing Oven
Surfactants for personal care,Chemicals Dryer
Metal Finishing,Chemicals Dryer
Carbonated Soft Drinks,Ceramics Kiln
electronic components,Uncategorized
CUSTOM MOLDED PORCELAIN,Glass Furnace
"Rocket motor tubes, ammunition liners and cartridges",Chemicals Dryer
"BREADS, DANISH, BUNS",F&D Boiler
"ELECTROPLATING,ANODIZING",Vehicle Manufacturing Oven
BATH CABINETS,Vehicle Manufacturing Oven
COMMERCIAL LAUNDRY EQUIPMENT,Uncategorized
Cheese,F&D Boiler
Polyurethane Sealants and Coatings,Vehicle Manufacturing Oven
Packaged bacon - raw and cooked,F&D Boiler
Vinyl Siding,Uncategorized
Freezers & Standard Appliances,Uncategorized
Steel and iron casting,Vehicle Manufacturing Oven
Roofing Products,Chemicals Dryer
METAL SHELVING,Chemicals Dryer
MEAT PROCESSING,F&D Boiler
CORRUGATED CONTAINERS,Uncategorized
COMMERCIAL HEAT TREATING,Vehicle Manufacturing Oven
Steel Fabrication,Vehicle Manufacturing Oven
VALVES & PIPE FITTINGS,Vehicle Manufacturing Oven
METAL FABRICATION,Vehicle Manufacturing Oven
ELECTROPLATING STEEL,Vehicle Manufacturing Oven
PAINT AND COATINGS,Vehicle Manufacturing Oven
heparin,Chemicals Dryer
Fiberglass Based Ceiling Tile,Glass Furnace
real estate yard signs,Uncategorized
Folding Cartons,Uncategorized
Asphalt Shingles,Chemicals Dryer
MOLDED AUTO PARTS,Uncategorized
printing,Uncategorized
Industrial Spray Painting and Powder Coating Services,Vehicle Manufacturing Oven
Welding wire,Vehicle Manufacturing Oven
military rations,F&D Boiler
WHEELS & BLOWERS,Vehicle Manufacturing Oven
REINFORCED ELECTRICAL GRATES,Uncategorized
PRINTING INKS,Ceramics Kiln
"machining centers, EDMs",Chemicals Dryer
"Transmission components, shafts, gears",Vehicle Manufacturing Oven
ROPES AND TWINES,Uncategorized
Grey Iron and Ductile Iron Castings,Vehicle Manufacturing Oven
PRINTED MATERIALS,Uncategorized
Powder Coated Metal Parts,Chemicals Dryer
"VINYL,BUTYL & PLASTICS",Chemicals Dryer
Metal Forming Machinery ,Vehicle Manufacturing Oven
BUSBARS & HOUSING,Uncategorized
CORRUGATED PAPER PCKGING,Uncategorized
snow plows and ice control equipment,Uncategorized
WELDED STEEL TUBING,Vehicle Manufacturing Oven
Car interiors,Uncategorized
master cylinder and brake pistons,Vehicle Manufacturing Oven
Fluid moving systems,Chemicals Dryer
"MATTRESSES,BOXSPRINGS",Chemicals Dryer
Food products,F&D Boiler
Abrasives,Uncategorized
GARDEN TOOLS,Uncategorized
METAL FINISHING,Chemicals Dryer
Printing,Uncategorized
"MILK,WATER,BUTTER,CHEESE",F&D Boiler
Pet Food,F&D Boiler
Plastic Wheel Covers and Bezels,Uncategorized
electroplating,Vehicle Manufacturing Oven
COSMETIC WRAPPINGS,Uncategorized
"Fabricated Sheet Metal Parts, Telescoping Masts",Vehicle Manufacturing Oven
Iron and Steel Castings,Vehicle Manufacturing Oven
STORAGE EQUIPMENT,Uncategorized
FABRICATED METAL PRODUCT,Chemicals Dryer
Motor rebuild,Uncategorized
DECO APPLIANCE TRIMS,Uncategorized
Emergency Medical Vehicles,Vehicle Manufacturing Oven
FROZEN MEAT PATTIES,F&D Boiler
PRESTRESSED CONCRETE,Chemicals Dryer
SECURITY WINDOWS,Uncategorized
Engineered Plastic,Uncategorized
ALUMINUM EXTRUSIONS,Vehicle Manufacturing Oven
Automotive Disk Brake Calipers & Automotive Electronic Stability Control,Vehicle Manufacturing Oven
Metal stamping and welding assemblies,Vehicle Manufacturing Oven
Automotive Forgings,Vehicle Manufacturing Oven
GLASS TO METAL SEALS,Glass Furnace
Continuous Steel Strip,Vehicle Manufacturing Oven
Propellers,Vehicle Manufacturing Oven
Hard Chrome Plating of Automotive Dies,Vehicle Manufacturing Oven
steel castings,Vehicle Manufacturing Oven
REFRIGERATED BOXES,Uncategorized
WATER COOLERS,Uncategorized
DENTAL EQUIPMENT,Uncategorized
plastic pellets,Chemicals Dryer
ELECTRICAL CONNECTORS,Uncategorized
Copper and Bronze Casting,Uncategorized
reinforced rubber hose,Chemicals Dryer
STARTER RING GEARS,Vehicle Manufacturing Oven
RECREATION VEHICLES,Vehicle Manufacturing Oven
Gelatin Based Desserts and Dairy Dips,F&D Boiler
Painted Glassware,Glass Furnace
INJECTION-MOLDED PLASTIC,Uncategorized
AUTOMOTIVE TRIM,Vehicle Manufacturing Oven
Plastics products,Chemicals Dryer
"sheet metal work, stampings",Vehicle Manufacturing Oven
PIANO PLATES,Uncategorized
Injection molded parts,Uncategorized
Resistor networks,Uncategorized
AIRCRAFT PROPELLERS,Vehicle Manufacturing Oven
IND. MIXING EQUIPMENT,Uncategorized
Aluminum castings,Vehicle Manufacturing Oven
"Plating-Zinc,Nickel,Zinc,Iron,Zinc",Vehicle Manufacturing Oven
Metal heat-treating and plating,Vehicle Manufacturing Oven
Bridge Components,Uncategorized
Steel Pipe and Tubes,Vehicle Manufacturing Oven
Air and gas compressors,Vehicle Manufacturing Oven
CATTLE FEEDS/ANIMAL FATS,Uncategorized
IRON & STEEL CASTINGS,Vehicle Manufacturing Oven
Suspension Bushings,Vehicle Manufacturing Oven
Plastic Pipe Fittings,Vehicle Manufacturing Oven
PAPER BOARD,Uncategorized
Cold Roll Round Steel Products,Vehicle Manufacturing Oven
FLUOROPOLYMER PRODUCTS,Chemicals Dryer
Detergents and Emulsifiers,Chemicals Dryer
industrial  valves,Vehicle Manufacturing Oven
Lift truck parts and Accessories,Vehicle Manufacturing Oven
Frozen Hamburgers and Cheeseburgers,F&D Boiler
rocker arms,Uncategorized
CENTRIFUGAL PUMPS,Vehicle Manufacturing Oven
grey iron castings,Vehicle Manufacturing Oven
organic chemicals,Chemicals Dryer
CONTAINERS,Uncategorized
Lubricating Oils and Greases,Chemicals Dryer
AUTO SAFETY & LIGHTING,Uncategorized
PAPER CARTONS,Uncategorized
PLASTIC MOLDED PRODUCTS,Chemicals Dryer
"BOOKS,CATALOGS,CALENDARS",Uncategorized
Rotational molded plastic products,Chemicals Dryer
Polymer and Material Handling and Storage Equipment,Chemicals Dryer
PRECISION MEASURING INSTRUMENTS,Uncategorized
Auto Parts,Uncategorized
Air and Gas Compressors,Vehicle Manufacturing Oven
PAPER MILL MACHINERY,Uncategorized
Industrial Machinery,Uncategorized
BACON,F&D Boiler
auto starters and alternators,Uncategorized
aluminum and zinc castings,Vehicle Manufacturing Oven
"HAM,BACON,LUNCH MEATS",F&D Boiler
Sunroofs,Uncategorized
innerspring units,Uncategorized
Silicone Release Liners,Chemicals Dryer
Metal fabricaiton and powder coating,Vehicle Manufacturing Oven
Aerospace Products,Vehicle Manufacturing Oven
BOTTLED SOFT DRINKS,Ceramics Kiln
condiments,F&D Boiler
Metal Forging,Chemicals Dryer
Printing Ink,Ceramics Kiln
auto brake calipers,Vehicle Manufacturing Oven
Cleaning Chemicals,Chemicals Dryer
Bottled soft drinks,Ceramics Kiln
ferrous metal castings,Vehicle Manufacturing Oven
NICKEL & ZINC PLATING,Vehicle Manufacturing Oven
"CAULKS,SEALANTS,ETC.",Chemicals Dryer
automotive lighting,Vehicle Manufacturing Oven
DISPLAY CASES (BAKERY),F&D Boiler
STEEL PLATE PROCESSOR,Vehicle Manufacturing Oven
PULP & PAPER MILL EQUIPMENT,Uncategorized
"power steering pumps, marine tilt motors",Vehicle Manufacturing Oven
RUBBER PRODUCTS,Chemicals Dryer
Conductive Polymers,Chemicals Dryer
elevators and escalators,Uncategorized
"Silk screen, lithographic paper, metal and plastic signs",Chemicals Dryer
Heat treated parts,Chemicals Dryer
Industrial Pumps,Vehicle Manufacturing Oven
polyethylene bags and specialty paper,Chemicals Dryer
RR TRACKWORK PRODUCTS,Chemicals Dryer
AIRCRAFT ELECTRICAL EQUIPMENT,Vehicle Manufacturing Oven
Concrete accessories,Chemicals Dryer
BRASS PLUMBING PRODUCTS,Chemicals Dryer
ENVELOPES & PAPER,Uncategorized
sheet metal stampings,Vehicle Manufacturing Oven
Fuel Rails,Uncategorized
SHIPPING CONTAINERS,Uncategorized
THERMAL SPRAY COATING,Vehicle Manufacturing Oven
CENTRIFUGAL SEPARATION EQUIPMENT,Uncategorized
"MILK,CHEESE,ICE CREAM",F&D Boiler
Horticulture Containers,Uncategorized
ELECT. WIRE ROPE HEISTS,Uncategorized
ICE CREAM & SYRUP PRODUCTS,F&D Boiler
Hamburger Buns,F&D Boiler
MEN'S/WOMEN'S SUITS,Uncategorized
MULTI WALL BAGS,Uncategorized
COMP. RIBBONS & PAPER,Uncategorized
sulfonic acid,Chemicals Dryer
school buses,Uncategorized
COMMERCIAL PRINTINGS,Uncategorized
fluid dairy and juice products,F&D Boiler
STEEL WOOLS,Vehicle Manufacturing Oven
PAPER BAGS,Uncategorized
"Automotive plastic exterior trims, weather stripping and sea",Vehicle Manufacturing Oven
HARDBOARD & PARTICLE BOARD,Uncategorized
welded steel tubing,Vehicle Manufacturing Oven
CRYOGENIC EQUIPMENT,Uncategorized
"adhesives, resins",Chemicals Dryer
BATTERY CHARGERS,Uncategorized
Powdered metal products,Chemicals Dryer
HAMBURGER BUNS,F&D Boiler
Extruded Plastic Trim,Uncategorized
Laminated Label Stock,Uncategorized
Powder coating and electro-coating for metal castings,Vehicle Manufacturing Oven
Calcium carbide,Chemicals Dryer
MANIFOLD BUSINESS FORMS,Uncategorized
folding cartons,Uncategorized
STEEL FORGING,Vehicle Manufacturing Oven
BUILDING COMPONENTS,Uncategorized
AUTO PACKAGING MACHINES,Chemicals Dryer
aerospace composite hardware,Vehicle Manufacturing Oven
CHEMICAL SPECIALTY PRODU,Chemicals Dryer
PIANO PLATES/FRAMES,Uncategorized
turbine engine components,Uncategorized
metal stamping,Vehicle Manufacturing Oven
Projection Screens,Uncategorized
burlap bags,Uncategorized
EMBALMING CHEMICALS,Chemicals Dryer
"Airflow Ductwork, AirClean Control Systems, AirSilence Products",Vehicle Manufacturing Oven
Automotive Interiors,Vehicle Manufacturing Oven
CORRUGATED BOXES,Uncategorized
HYDRAULIC TUBE FITTINGS,Vehicle Manufacturing Oven
VEGETABLE OIL PRESSES,Uncategorized
Aircraft propellers and drive systems,Vehicle Manufacturing Oven
Meat Products,F&D Boiler
TANKS & PROCESS EQUIPMENT,Uncategorized
fabricated structural steel/plate weldments,Vehicle Manufacturing Oven
Fan Systems,Chemicals Dryer
RV refrigeration units,Uncategorized
Knobs and handles,Uncategorized
Sandwiches,F&D Boiler
PAPER BOXES,Uncategorized
ALUMINUM COOKWARE,Vehicle Manufacturing Oven
Fine blank components,Uncategorized
SIGNS,Uncategorized
MACHINE KNIVES & WAYS,Uncategorized
automotive struts,Vehicle Manufacturing Oven
"Industrial Mezzanines, Safety Steel Guard",Vehicle Manufacturing Oven
"SHAMPOO, LIQUID SOAPS",Chemicals Dryer
Ready-to-assemble furniture,Uncategorized
Flexible Projection Material,Uncategorized
INDUSTRIAL FANS,Vehicle Manufacturing Oven
LAWN & GARDEN EQUIPMENT,Uncategorized
Torque Converter Rebuilding,Uncategorized
MEDICAL & XRAY EQUIPMENT,Uncategorized
"Metal working, industrial machines and equipment",Chemicals Dryer
Ball and Roller Bearings,Vehicle Manufacturing Oven
WELDING WIRES & FLUXES,Vehicle Manufacturing Oven
HARDWARE FOR CONCRETE,Chemicals Dryer
automotive parts,Vehicle Manufacturing Oven
INDUSTRIAL FANS,Vehicle Manufacturing Oven
FILTER MEDIA,Uncategorized
Precast and prestressed concrete products,Chemicals Dryer
DISPOSABLE MEDICAL PRODUCTS,Chemicals Dryer
Directional Drills and Boring Machines,Chemicals Dryer
detergents,Chemicals Dryer
BOTTLED SOFT DRINKS,Ceramics Kiln
AUTOMOTIVE PLASTIC PARTS,Vehicle Manufacturing Oven
Hamburger Patties,F&D Boiler
Printed circuit boards,Uncategorized
Centrifugals,Uncategorized
Gas Station Equipment,Chemicals Dryer
Bottled Liquor,Uncategorized
FIRE HOSES,Chemicals Dryer
SALAD DRESSINGS,Uncategorized
WOMEN'S SHOES,Uncategorized
GEARS & GEAR BOXES,Vehicle Manufacturing Oven
ENVELOPES,Uncategorized
Hinges,Uncategorized
Travel Trailers and Motor Homes,Uncategorized
IMPRINTED SPORTSWEAR,Uncategorized
REAR VIEW MIRRORS,Uncategorized
MIRRORED SHOWER DOORS,Uncategorized
Automatic Transmission Shafts,Vehicle Manufacturing Oven
Injection Molded Plastic Goods,Uncategorized
Vacuum formed ceramic fiber high temperature insulation products,Chemicals Dryer
Medical Supplies,Uncategorized
Shock Absorbers,Vehicle Manufacturing Oven
service station valves & pipe fittings,Vehicle Manufacturing Oven
Farm implements,Uncategorized
LIGHT CONSTRUCTION EQUIPMENT,Uncategorized
AIR RECEIVER TANKS,Uncategorized
Rubber Extrusion,Chemicals Dryer
"Dispersions, emulsions, color pigments, thermoset resins",Ceramics Kiln
Vehicle Sensor and Control Devices,Vehicle Manufacturing Oven
CHEMICAL DISTRIBUTION,Chemicals Dryer
Rubber Inserts,Chemicals Dryer
pies and cakes,F&D Boiler
Commercial Screen Printing,Uncategorized
Heavy Capacity Scales,Uncategorized
COMMERCIAL STEAMERS,Uncategorized
"DOORS, METAL ACCESS,ETC.",Chemicals Dryer
"MACHINERY, RENDERING INDUSTRY",Uncategorized
"TIRE PROCESSING,STORAGE",Uncategorized
DRESSES,Uncategorized
PRINTING MATTER,Uncategorized
Monolithic Refractories,Ceramics Kiln
Fiberglass Reinforced Panels,Glass Furnace
Coatings/ Asphalt,Vehicle Manufacturing Oven
Car Audio Products,Chemicals Dryer
Plastic Bottles,Uncategorized
mustard and horseradish condiments,F&D Boiler
Precast concrete structures and pipe,Chemicals Dryer
Packaging Machinery,Chemicals Dryer
Vinyl Extrusion,Uncategorized
ADHESIVES & SEALANTS,Chemicals Dryer
Metal Stampings,Vehicle Manufacturing Oven
"Industrial Knives, Heat Treating",Vehicle Manufacturing Oven
Plastic Products,Chemicals Dryer
GRAY & DUCTILE IRON CAST,Uncategorized
PV Modules,Uncategorized
Photo engraving plate,Uncategorized
ADHESIVES,Chemicals Dryer
Forging,Uncategorized
"clutch assemblies, power steering pumps, rear differentials",Vehicle Manufacturing Oven
Sheet Metal,Vehicle Manufacturing Oven
plastic illuminated signs,Uncategorized
PLASTIC BAGS,Uncategorized
specialized military equipment,Uncategorized
KITCHEN CABINETS,Vehicle Manufacturing Oven
motor vechile parts,Uncategorized
Industrial Valves,Vehicle Manufacturing Oven
deep drawn metal stampings,Vehicle Manufacturing Oven
MACHINED AUTO PARTS,Uncategorized
Coil handling and press feeding equipment,Chemicals Dryer
Thin Film Color Coating on and in Glass,Glass Furnace
"Decorative exhaust, shims, gaskets",Vehicle Manufacturing Oven
FLUOROPOLYMER PUMPS,Vehicle Manufacturing Oven
machinery,Uncategorized
BALL BEARING ASSEMBLIES,Vehicle Manufacturing Oven
SMALL WATER PUMPS,Vehicle Manufacturing Oven
Molded Plastics,Chemicals Dryer
PVC Siding,Uncategorized
COMMERCIAL PRINTING,Uncategorized
metal stampings,Vehicle Manufacturing Oven
Coolant filtration equip.,Uncategorized
Ink,Ceramics Kiln
Plastic and rubber automotive parts,Vehicle Manufacturing Oven
Hinges,Uncategorized
STAINLESS STEEL CASTINGS,Vehicle Manufacturing Oven
printed circuit boards,Uncategorized
"fabricated plate work, metal stampings",Vehicle Manufacturing Oven
chrome wheels,Vehicle Manufacturing Oven
"CORN, SOYBEANS, WHEAT",Chemicals Dryer
WATER SOFTNERS,Uncategorized
Commercial food equipment,F&D Boiler
PRINTING EQUIPMENT,Uncategorized
Various Composite Products,Chemicals Dryer
GRAPHIC ARTS MACHINERY,Uncategorized
folding cartons,Uncategorized
Blood and tissue,Uncategorized
AIRCRAFT PROPELLERS,Vehicle Manufacturing Oven
bronzed baby shoes,Uncategorized
TEXTILE HEDDING PRODUCTS,Chemicals Dryer
Food Processing Equipment,F&D Boiler
OUTDOOR SIGNS,Uncategorized
Wood Fixtures for Retail,Uncategorized
WIRE/STEEL PRODUCTS,Vehicle Manufacturing Oven
"Metal coatings(chemical, heat resistant, metallic, coil)",Vehicle Manufacturing Oven
Paper Food Packaging,F&D Boiler
"Flat Roll Steel Coil, Sheet",Vehicle Manufacturing Oven
Commercial Screen Printing,Uncategorized
Color Concentrates,Chemicals Dryer
electroplating and metal finishing,Vehicle Manufacturing Oven
Metalworking lathes and repair parts,Chemicals Dryer
silicon wafers,Chemicals Dryer
SHEET METAL FABRICATION,Vehicle Manufacturing Oven
INJECTION MOLDED BATTERY,Uncategorized
PROCESSED MEAT PRODUCTS,F&D Boiler
Frozen Hamburgers,F&D Boiler
Custom Machining,Chemicals Dryer
Sheet Metal Fabrication and Machined Parts,Vehicle Manufacturing Oven
DECORATIVE METAL TRIM,Chemicals Dryer
commercial printing,Uncategorized
"sports jackets, shirts, caps",Uncategorized
hospital communication equipment,Uncategorized
SOFT TRIM INTERIOR PARTS,Uncategorized
PLASTIC AUTO COMPONENTS,Uncategorized
Plastic Injected Products,Chemicals Dryer
METAL STAMPINGS & ASSEMBLIES,Vehicle Manufacturing Oven
VALVES,Vehicle Manufacturing Oven
air & hydraulic cylinders,Vehicle Manufacturing Oven
PVC Fencing Products,Chemicals Dryer
AUTOMOTIVE EXHAUST PIPES,Vehicle Manufacturing Oven
MODULAR HOUSING,Uncategorized
METAL STAMPINGS,Vehicle Manufacturing Oven
Die cut & assembly parts for automotive industry,Vehicle Manufacturing Oven
"MOPS, BROOMS, BRUSHES",Uncategorized
ICE CREAM,F&D Boiler
CUSTM. METAL FABRICATION,Vehicle Manufacturing Oven
CHROME PLATED PLASTIC,Uncategorized
"PLASTIC EXTRUSION, ETC.",Uncategorized
GROUND AND ROAST BEEF,Uncategorized
SPECIAL MACHINES,Chemicals Dryer
Bakery Equipment,F&D Boiler
STEEL AND WOODEN DOORS,Vehicle Manufacturing Oven
Reprocessed Metal Components,Chemicals Dryer
TRANSMISSION DIE CASTS,Vehicle Manufacturing Oven
UNDERWATER PELLETIZERS,Uncategorized
AIR RESERVOIRS,Uncategorized
All Other Plastics Product Manufacturing,Chemicals Dryer
blow molded plastic bottles,Uncategorized
"LIFE PRESERVERS, PILLOWS",Uncategorized
Air cleaning equipment,Chemicals Dryer
Thermoset Composites,Chemicals Dryer
Aluminum & Cast Iron Automotive Parts,Vehicle Manufacturing Oven
embroidered and screen printed sportswear,Uncategorized
Concrete Railroad Products,Chemicals Dryer
SPECIAL MACHINES,Chemicals Dryer
WOODEN DISPLAY FIXTURES,Uncategorized
multi-walled bags,Uncategorized
fiberglass reinforced plastic truck/cab roofs,Glass Furnace
Mixing Equipment,Uncategorized
NOVELTY GIFT PRODUCTS,Chemicals Dryer
COPPER,Uncategorized
"TOASTERS,SCALES,PRINTERS",Uncategorized
UNIFORMS,Uncategorized
Large Aluminum casted components,Vehicle Manufacturing Oven
"Lubricants Oils, Calcium Oxide",Chemicals Dryer
"Sheetmetal fabrication of vent, smoke, and fire damper units",Vehicle Manufacturing Oven
Recreational vehicles,Vehicle Manufacturing Oven
Heavy Gauge Custom Plastic Sheeting,Uncategorized
Brazing and Welding Shop,Vehicle Manufacturing Oven
automotive stampings,Vehicle Manufacturing Oven
commercial printing,Uncategorized
machined components and fabrications,Uncategorized
Plastic injection molded parts and tubing,Vehicle Manufacturing Oven
BEEF PATTIES & PRODUCE,F&D Boiler
Brake Hose Assemblies,Vehicle Manufacturing Oven
BAKERY PRODUCTS,F&D Boiler
beer,F&D Boiler
Steel fabrication,Vehicle Manufacturing Oven
"pressure sensitive labels, coating for packaging",Vehicle Manufacturing Oven
Molded urethane foam for automotive NVH & sealing applications,Vehicle Manufacturing Oven
HVAC for automotive,Vehicle Manufacturing Oven
BABY NURSERY ACCESSORIES,Uncategorized
HANDTOOLS,Uncategorized
Temperature Control Equipment,Uncategorized
IRON CASTINGS,Vehicle Manufacturing Oven
Cast Acrylic,Uncategorized
Wastewater Treatment,Chemicals Dryer
BLOW-MOLDED CONTAINERS,Uncategorized
Brushroll Products,Chemicals Dryer
Wind Turbine Towers,Uncategorized
BUSINESS FORMS,Uncategorized
INDUSTRIAL FANS,Vehicle Manufacturing Oven
WOMEN'S SHOES,Uncategorized
POWDERED METAL PARTS,Chemicals Dryer
DC electric motors and injection molded parts,Uncategorized
CENTRIFUGAL PUMPS,Vehicle Manufacturing Oven
PAPERMAKER'S FELTS,Uncategorized
BOX SPRING MATTRESSES,Uncategorized
Garage Door Hardware,Uncategorized
"Blow molded, injection molded ",Uncategorized
FLEX. METALLIC CONDUIT,Chemicals Dryer
TRANSFORMERS,Uncategorized
compression molded polymer consumer products,Chemicals Dryer
paper paint labels,Uncategorized
NEWSPAPER PUBLISHING,Uncategorized
MIRRORS,Uncategorized
SOLENOIDS & SWITCHES,Vehicle Manufacturing Oven
HANDTOOLS,Uncategorized
THERMOMETERS,Uncategorized
Graphite heat exchangers,Vehicle Manufacturing Oven
Plastic containers,Uncategorized
Beer,F&D Boiler
fabric cutting and embroidery,Uncategorized
Plastic Pellets,Chemicals Dryer
"Custom profile extrusions for windows, doors and office furniture",Uncategorized
Rattan and wicker furniture,Uncategorized
ELECTRONIC AIR CLEANERS,Uncategorized
nitrogen manifolds and gas springs,Chemicals Dryer
Printed folding chipboard/corrugated cartons,Uncategorized
Blow Molded Plastics,Chemicals Dryer
Commercial Printing,Uncategorized
Punches and dies,Uncategorized
flux-cored welding wire,Vehicle Manufacturing Oven
"REFRIGERATORS,ICE MAKERS",Uncategorized
concession equipment,Uncategorized
SPECIAL MACHINES FOR INDUSTRY,Chemicals Dryer
"thermoplastic seals, pistons",Vehicle Manufacturing Oven
"Aluminum, stainless and carbon slit coils and sheets",Vehicle Manufacturing Oven
Aircraft Parts,Vehicle Manufacturing Oven
CONTROL SYSTEMS,Vehicle Manufacturing Oven
"Sealants, coatings and adhesives",Vehicle Manufacturing Oven
Automotive stampings,Vehicle Manufacturing Oven
newspapers,Uncategorized
metal job shop,Chemicals Dryer
PLASTIC EXTRUSIONS,Uncategorized
"TOOLS,DIES,JIGS",Uncategorized
Insulated vinyl windows and patio doors,Uncategorized
FRACTIONAL H.P. MOTORS,Uncategorized
Automobile seat covers and door panels,Uncategorized
Plastic Bottles,Uncategorized
Car Seats and Strollers,Uncategorized
Sensors and Instruments,Vehicle Manufacturing Oven
AUTOMATION MACHINERY,Uncategorized
Contactors/Relays,Uncategorized
ELECTRICAL EQUIPMENT,Uncategorized
PLAYING CARDS & GAMES,Uncategorized
Molded Urethane,Uncategorized
Welded Wire Mesh Concrete Reinforcement,Vehicle Manufacturing Oven
Precision Machine Components,Uncategorized
NON-METALLIC GASKETS,Vehicle Manufacturing Oven
microchannel technology,Chemicals Dryer
Wooden Doors and windows,Uncategorized
PLASTIC SHEETS & SHAPES,Uncategorized
"automotive sub-assemblies, exhaust components, gaskets",Vehicle Manufacturing Oven
Injection Molded Parts,Uncategorized
Automotive Components,Vehicle Manufacturing Oven
PRECAST CONCRETE PRODUCT,Chemicals Dryer
gray and ductile iron castings,Vehicle Manufacturing Oven
PRINTED MATTER,Uncategorized
Plastic Blow Molding,Uncategorized
CUSTOM PLASTIC MOLDING,Uncategorized
Extruded rubber (window seals),Vehicle Manufacturing Oven
"Radio Towers, Floating boat docks",Uncategorized
"Enviromental systems, continuous emissions monitoring system",Chemicals Dryer
NEWSPAPER PUBLISHER,Uncategorized
PLASTIC SHEET EXTRUSION,Uncategorized
Laminated Sheets and Fabricated Products,Chemicals Dryer
plastic drums,Vehicle Manufacturing Oven
printed metallic and polymeric sheets,Chemicals Dryer
BLACKBOARDS,Ceramics Kiln
"Automotive plastics, Air Conditioning Systems",Vehicle Manufacturing Oven
AIRCRAFT CARRIER PARTS,Vehicle Manufacturing Oven
WINDOW & SHOWER CURTAINS,Uncategorized
SPORTING GOODS,Uncategorized
HVAC Assembly and Injection Molding,Uncategorized
Large presision machined metal products,Chemicals Dryer
fire apparatus,Uncategorized
Windows & Entry Doors,Uncategorized
Custom profile extrustions for decking and railing,Uncategorized
complete truck chassis,Vehicle Manufacturing Oven
automotive shift towers and control cables,Vehicle Manufacturing Oven
CURTAINS,Uncategorized
Variable Transformers / UPS,Uncategorized
Ambient & cryogenically ground rubber and plastic,Chemicals Dryer
meat products,F&D Boiler
Plastic Bottles,Uncategorized
Beef and Pork,F&D Boiler
Tubing,Vehicle Manufacturing Oven
Gas Burners and Heat Exchangers,Vehicle Manufacturing Oven
Aeronautical Systems and Instrumentation,Chemicals Dryer
Stators and Pumps,Vehicle Manufacturing Oven
"Jigs fixtures,tools and die machinery",Uncategorized
environmental control equipment,Chemicals Dryer
Injection molded plastics,Chemicals Dryer
Metal Fabrication,Vehicle Manufacturing Oven
Vehicle Engines,Vehicle Manufacturing Oven
"Bedding materials, filters, cotton/synthetic Textiles",Uncategorized
Intermediate Bulk Containers,Uncategorized
Flat Rolled Slit Coil,Chemicals Dryer
Robotic welded parts,Vehicle Manufacturing Oven
"weatherstripping, moldings, weatherseals",Vehicle Manufacturing Oven
"Lubricants Oils, Calcium Oxide",Chemicals Dryer
X-Ray targets ,Chemicals Dryer
THERMOFORMED PLASTIC PACKAGING,Chemicals Dryer
Sheet Metal Ducts,Vehicle Manufacturing Oven
"Aircraft Components - Generators, Converters, Controllers",Vehicle Manufacturing Oven
machined automotive components and assemblies,Vehicle Manufacturing Oven
OPTICAL LENSES,Uncategorized
CUSTOM INJECTION MOLDING,Uncategorized
tools and dies,Uncategorized
Automotive Textile Acoustical Systems,Vehicle Manufacturing Oven
Automotive Fasteners,Vehicle Manufacturing Oven
Casted aluminum fittngs,Vehicle Manufacturing Oven
FABR. STRUCTURAL STEEL,Vehicle Manufacturing Oven
Insulated Metal Panels,Chemicals Dryer
Fluid piping system,Uncategorized
Punches and Dies,Uncategorized
"blowers, fans",Vehicle Manufacturing Oven
"900MHz phones, radar detectors,CDPD modems",Uncategorized
MRI Coils,Chemicals Dryer
GEAR BOX & MOTOR DRIVES,Uncategorized
Polypropylene Compounding,Chemicals Dryer
Commercial cooking equipment,Uncategorized
SPECIAL MACHINES,Chemicals Dryer
Photoreceptors for laser printers and copiers,Chemicals Dryer
GARAGE DOORS AND OPENERS,Uncategorized
Injection molded plastic parts,Uncategorized
plastic containers,Uncategorized
LAMINATED TUBS,Uncategorized
Gray and Ductile Castings,Vehicle Manufacturing Oven
GRAY IRON CASTINGS,Vehicle Manufacturing Oven
sheet metal products,Vehicle Manufacturing Oven
Precision Machined Components,Uncategorized
FAST FOOD PAPER PACKAGE,F&D Boiler
Medical Surgical Tools,Uncategorized
Blow molded plastic parts,Uncategorized
plastic injection molding,Uncategorized
Motor Vehicle Parts,Vehicle Manufacturing Oven
PUNCHES & DIES,Uncategorized
Aluminum and Steel,Vehicle Manufacturing Oven
Adhesive application equipment,Uncategorized
Screw Machine Products,Chemicals Dryer
CUSTOM METAL FABRICATION,Vehicle Manufacturing Oven
"Printing, die cutting, paperboard",Uncategorized
Specialty Steel Products,Vehicle Manufacturing Oven
SOUND SYSTEMS (AUTOS),Chemicals Dryer
plastic injection molding,Uncategorized
SCREW MACHINE PRODUCTS,Chemicals Dryer
metal cabinets,Vehicle Manufacturing Oven
ABRASIVE SPECIALTIES,Uncategorized
ENVELOPES,Uncategorized
plastic injection molding,Uncategorized
mirrors,Uncategorized
SHEET METAL STAMPING DIE,Vehicle Manufacturing Oven
Aluminum electrical connectors,Vehicle Manufacturing Oven
Cinder and concrete blocks,Chemicals Dryer
Polymer Sealants,Chemicals Dryer
"blades, vanes, blisks, vane disk",Vehicle Manufacturing Oven
plastic containers,Uncategorized
Metal Stamping products,Vehicle Manufacturing Oven
Cotton Mops,Uncategorized
ELECTRICAL CONNECTORS,Uncategorized
TUBE & FURNISHING TOOLS,Uncategorized
Solenoids,Uncategorized
Hardwood Veneer,Uncategorized
MEN'S ATHLETIC APPAREL,Uncategorized
Farm Machinery,Vehicle Manufacturing Oven
Automotive Parts,Vehicle Manufacturing Oven
Human Prosthetics,Uncategorized
PRECISION MACHINED PARTS,Uncategorized
Industrial Process Controls,Uncategorized
TOOLS THAT LIFT-STRETCH,Uncategorized
electronic measuring equipment and sensors,Vehicle Manufacturing Oven
"Quartz Manchining, Grinding, lapping, and polishing",Glass Furnace
"Botts, nuts, screws, rivets and washers",Chemicals Dryer
CUSTOM MOLDED PLASTICS,Chemicals Dryer
Food Services,F&D Boiler
Aircraft Components,Vehicle Manufacturing Oven
Food packaging,F&D Boiler
CNC Machining of Various Materials,Chemicals Dryer
Machined Parts,Uncategorized
Treated Drinking Water,Ceramics Kiln
Pumps,Vehicle Manufacturing Oven
exhaust system fasteners,Vehicle Manufacturing Oven
Tooling Equipment & Interior Automobile Parts,Uncategorized
"dies, tools, jigs",Uncategorized
PLASTIC PACKAGING,Chemicals Dryer
ELECTRODE ASSEMBLIES,Vehicle Manufacturing Oven
CNC GEAR ANALYZER,Uncategorized
motor vehicle body side molding,Vehicle Manufacturing Oven
"Load, torque, and pressure sensors",Vehicle Manufacturing Oven
Circuits and Cables,Vehicle Manufacturing Oven
Robotic Systems,Vehicle Manufacturing Oven
DATA PROCESSING,Uncategorized
commercial printed products,Chemicals Dryer
Wastewater Treatment,Chemicals Dryer
COMPRESSION SPRINGS,Chemicals Dryer
Metal castings for electric motors,Vehicle Manufacturing Oven
Injection Molding / Glass,Glass Furnace
INJECTION MOLDED PARTS,Uncategorized
specialty semi-trailers,Uncategorized
Turbine Parts,Uncategorized
Vacuum Impregnation,Chemicals Dryer
Air Craft Engine Components,Uncategorized
Automotive Transmission Components,Vehicle Manufacturing Oven
"Pressure senstive flexographic printing on labels, tapes and",Uncategorized
aircraft flight control hardwar,Vehicle Manufacturing Oven
Pont of purchase display cabinetry,Vehicle Manufacturing Oven
Metrology Machines,Chemicals Dryer
Machined parts and systems,Chemicals Dryer
FUSES FOR MISSILES,Uncategorized
AUTOMOTIVE CARPETS,F&D Boiler
Fire Protection Clothing,Uncategorized
"Powertrain, Balance Shaft Components",Vehicle Manufacturing Oven
ELECTRONIC COMPONENTS,Uncategorized
Molded plastic parts,Uncategorized
EXTRUDED PLASTIC SHEETS,Uncategorized
ASSEMBLY OF MECHANICAL DEVICE,Uncategorized
Automation Equipments,Uncategorized
windows for mobile homes,Uncategorized
injection molded plastic parts,Uncategorized
COMMERCIAL PRINTING,Uncategorized
INDUSTRIAL COATING,Vehicle Manufacturing Oven
Electrical Boxes and Enclosures,Vehicle Manufacturing Oven
MEDICAL INSTRUMENTS,Uncategorized
CUSTOM METAL FABRICATION,Vehicle Manufacturing Oven
Water Softeners,Uncategorized
Acoustic and Thermal Insulation,Chemicals Dryer
Injection molded parts assembly,Uncategorized
Metal Fabrication,Vehicle Manufacturing Oven
PRECISION MACHINING,Chemicals Dryer
plastic parts,Uncategorized
PLASTIC PARTS-MOLDED,Uncategorized
Wood products,Chemicals Dryer
"Electric Motor Manufacturing equipment, Visual flow indicato",Uncategorized
Water,Uncategorized
METAL PRODUCTS,Chemicals Dryer
"swivels, loader arms, visi-flo",Uncategorized
Circuits and Cable Harnesses,Vehicle Manufacturing Oven
COMMERCIAL PRINTING PDTS,Uncategorized
Ultrasonic machining of silicon,Chemicals Dryer
Automotive Fasteners,Vehicle Manufacturing Oven
POWER SYSTEMS,Chemicals Dryer
inflatable bladders,Uncategorized
"Gears, Sprockets, Splines, & Racks",Vehicle Manufacturing Oven
Commercial Printing,Uncategorized
paper rolls,Uncategorized
COMMERICAL PRINTERS,Uncategorized
DIES FOR BEVERAGE CANS,F&D Boiler
Labels & Tags,Uncategorized
INJECTION MOLDED PARTS,Uncategorized
Robotic systems for premium casting industry,Vehicle Manufacturing Oven
Contract manufacturer primarily circuits and cables,Vehicle Manufacturing Oven
CUSTOM MADE MACHINES,Chemicals Dryer
Polymers,Chemicals Dryer
RUBBER SEALS,Vehicle Manufacturing Oven
molded plastic parts,Uncategorized
recycled paper and metal,Chemicals Dryer
Thermoplastic polymers and resins,Chemicals Dryer
"fans, dampers, ac for nuclear plants",Vehicle Manufacturing Oven
aqueous degreasing washers,Chemicals Dryer
Metal Fabrication,Vehicle Manufacturing Oven
EPS food packaging,F&D Boiler
Custom structural foam plastic injection molding,Uncategorized
"Tooling for Foundries (Wood, Metal, and Plastic)",Chemicals Dryer
precision mechanical springs and formed wire components,Chemicals Dryer
Machining,Chemicals Dryer
"Plastic Mirrors, Skylights",Uncategorized
Theatrical Productions,Chemicals Dryer
AUTO PULMONARY INSTRUMENTS,Uncategorized
LUMBER-SAWMILL OPERATION,Uncategorized
Molded Rubber Goods,Chemicals Dryer
Extruded Rubber Profile,Chemicals Dryer
Custom blow molded plastic parts,Uncategorized
Corrugated polyethylene tubing,Vehicle Manufacturing Oven
Recycled Plastics,Chemicals Dryer
COMMERCIAL ADVERTISEMENT,Uncategorized
ABRASIVE PRODUCTS,Chemicals Dryer
SHEET-FED & WEB PRINTING,Uncategorized
Die sets for can tooling,Uncategorized
Pneumatic cylinder parts,Vehicle Manufacturing Oven
PRECISION MACHINED PARTS,Uncategorized
AUTOMOTIVE PRESSURE SWITCHES,Vehicle Manufacturing Oven
VACUUM DEPOSITION MACHINES,Chemicals Dryer
Office Equipment,Uncategorized
APPLIANCE PARTS,Uncategorized
MOLDED PLASTIC PARTS,Uncategorized
CUSTOM PLASTIC MOLDERS,Uncategorized
electronic filters,Uncategorized
injection molded automotive parts,Vehicle Manufacturing Oven
Religious services and worship,Uncategorized
COMMERCIAL PRINTING,Uncategorized
VINYL WALL COVERINGS,Uncategorized
JUVENILE FURNITURE,Uncategorized
plastic injection molded food containers,F&D Boiler
Plasticware,Uncategorized
mechanical drive system components and garden equipment,Uncategorized
ZINC CASTINGS,Vehicle Manufacturing Oven
AUTOMATIC CONTROL EQUIPMENT,Uncategorized
CUSTOMIZED MACHINERY,Uncategorized
PVC EXTRUSIONS,Uncategorized
Aluminum Recycling,Vehicle Manufacturing Oven
AIRCRAFT ENGINE PARTS,Vehicle Manufacturing Oven
INDUSTRIAL AGITATORS,Uncategorized
NEWSPAPER PUBLISHING,Uncategorized
STEEL DOORS,Vehicle Manufacturing Oven
Metal stampings,Vehicle Manufacturing Oven
Injection molded thermoplastics,Chemicals Dryer
Rubber Product,Chemicals Dryer
FOAM FOOD CONTAINERS,F&D Boiler
ENGINE MANIFOLDS,Chemicals Dryer
Polymer pellets for injection molding,Chemicals Dryer
PLASTIC PIPE & PIPE FITTINGS,Vehicle Manufacturing Oven
PARTS FOR AIRCRAFT,Vehicle Manufacturing Oven
CIRCUIT BOARDS,Uncategorized
Aluminum sand and permanent mold castings,Vehicle Manufacturing Oven
Flat-rolled steel,Vehicle Manufacturing Oven
WOOD VENEERS,Uncategorized
BUSINESS FORMS,Uncategorized
INDUSTRIAL KNIVES & WAY BARS,Uncategorized
plastic containers,Uncategorized
PRINTED CIRCUIT BOARDS,Uncategorized
RADIO TRANSMITTERS,Uncategorized
Custom injection molding,Uncategorized
"Gray, Ductile, Alloy, Steel & Iron Casting",Vehicle Manufacturing Oven
SCREENING/SIFTING EQUIPMENT,Uncategorized
AIR CYLINDERS & VALVES,Vehicle Manufacturing Oven
FLEXIBLE PLASTIC TUBES,Uncategorized
CANDY,Uncategorized
"TOOLS,DIES,SPECIAL MACHINE PARTS",Uncategorized
ASSEMBLY VINYL BINDERS,Uncategorized
SUBMERSIBLE ELEC. MOTORS,Uncategorized
EYEGLASSES,Glass Furnace
INJEC-MOLDED AUTO PARTS,Uncategorized
METAL STAMPINGS,Vehicle Manufacturing Oven
rubber chemicals,Chemicals Dryer
Plastic Color Concentrate,Chemicals Dryer
SPECIAL IND. MECHINERY,Uncategorized
PLASTIC INJECTION MOLDS,Uncategorized
INDUSTRIAL MAINTANENCE PRODUCTS,Chemicals Dryer
PAINT AND AEROSOL CANS,Uncategorized
Resin and Latex,Chemicals Dryer
"jellies, sauces, vinaigrettes, & mustard",F&D Boiler
WOOD VENEER,Uncategorized
VACUUM FORMED PLASTICS,Chemicals Dryer
"Fabricated structural steel, industrial welding",Vehicle Manufacturing Oven
ALUMINUM CASTINGS,Vehicle Manufacturing Oven
PRINT EQUIPMENT TESTING,Uncategorized
"Ultrasonic machining of glass and ceramics, metalworking",Glass Furnace
Custom steel fabrication and boiler manufacturer,Vehicle Manufacturing Oven
Water,Uncategorized
RETREADED TRUCK TIRES,Vehicle Manufacturing Oven
BITUMINOUS CONCRETE,Chemicals Dryer
